image,name,price
https://img.websosanh.vn/v2/users/root_product/images/dan-organ-yamaha-psr-e363/5mxut3no1zomv.jpg?compress=85&width=200,Đàn Organ Yamaha PSR E363,Giá từ 3.990.000 đ
https://img.websosanh.vn/v2/users/root_product/images/dan-organ-yamaha-psr-e363/5mxut3no1zomv.jpg?compress=85&width=200,Đàn organ Yamaha PSR-E463,Giá từ 3.990.000 đ
https://img.websosanh.vn/v2/users/root_product/images/dan-organ-yamaha-psr-e363/5mxut3no1zomv.jpg?compress=85&width=200,Đàn organ Casio CT-X700,Giá từ 3.990.000 đ
https://img.websosanh.vn/v2/users/root_product/images/dan-organ-yamaha-psr-e363/5mxut3no1zomv.jpg?compress=85&width=200,Đàn organ Electone Yamaha EL-900,Giá từ 3.990.000 đ
https://img.websosanh.vn/v2/users/root_product/images/dan-organ-yamaha-psr-e363/5mxut3no1zomv.jpg?compress=85&width=200,Đàn Organ Yamaha PSR S770,Giá từ 3.990.000 đ
https://img.websosanh.vn/v2/users/root_product/images/dan-organ-yamaha-psr-e363/5mxut3no1zomv.jpg?compress=85&width=200,Đàn Organ Korg Pa600 (Pa-600),Giá từ 3.990.000 đ
https://img.websosanh.vn/v2/users/root_product/images/dan-organ-yamaha-psr-e363/5mxut3no1zomv.jpg?compress=85&width=200,Đàn organ Yamaha PSR-S670,Giá từ 3.990.000 đ
https://img.websosanh.vn/v2/users/root_product/images/dan-organ-yamaha-psr-e363/5mxut3no1zomv.jpg?compress=85&width=200,Đàn Organ Roland BK3 (BK-3) - Màu WH/ BK,Giá từ 3.990.000 đ
https://img.websosanh.vn/v2/users/root_product/images/dan-organ-yamaha-psr-e363/5mxut3no1zomv.jpg?compress=85&width=200,Đàn Organ Yamaha PSR-S750,Giá từ 3.990.000 đ
https://img.websosanh.vn/v2/users/root_product/images/dan-organ-yamaha-psr-e363/5mxut3no1zomv.jpg?compress=85&width=200,Đàn organ Roland E-A7,Giá từ 3.990.000 đ
https://img.websosanh.vn/v2/users/root_product/images/dan-organ-yamaha-psr-e363/5mxut3no1zomv.jpg?compress=85&width=200,Đàn Organ Yamaha PSR-S950,Giá từ 3.990.000 đ
https://img.websosanh.vn/v2/users/root_product/images/dan-organ-yamaha-psr-e363/5mxut3no1zomv.jpg?compress=85&width=200,Đàn Organ Yamaha PSR E263,Giá từ 3.990.000 đ
https://img.websosanh.vn/v2/users/root_product/images/dan-organ-yamaha-psr-e363/5mxut3no1zomv.jpg?compress=85&width=200,Đàn Organ Yamaha PSR-S970,Giá từ 3.990.000 đ
https://img.websosanh.vn/v2/users/root_product/images/dan-organ-yamaha-psr-e363/5mxut3no1zomv.jpg?compress=85&width=200,Đàn organ Yamaha PSR-F51,Giá từ 3.990.000 đ
https://img.websosanh.vn/v2/users/root_product/images/dan-organ-yamaha-psr-e363/5mxut3no1zomv.jpg?compress=85&width=200,Đàn Organ Casio CT-X800,Giá từ 3.990.000 đ
https://img.websosanh.vn/v2/users/root_product/images/dan-organ-yamaha-psr-e363/5mxut3no1zomv.jpg?compress=85&width=200,Đàn organ Yamaha PSR-E453,Giá từ 3.990.000 đ
https://img.websosanh.vn/v2/users/root_product/images/dan-organ-yamaha-psr-e363/5mxut3no1zomv.jpg?compress=85&width=200,Đàn Organ Yamaha PSR VN300 (VN-300),Giá từ 3.990.000 đ
https://img.websosanh.vn/v2/users/root_product/images/dan-organ-yamaha-psr-e363/5mxut3no1zomv.jpg?compress=85&width=200,Đàn organ Yamaha PSR-S975,Giá từ 3.990.000 đ
https://img.websosanh.vn/v2/users/root_product/images/dan-organ-yamaha-psr-e363/5mxut3no1zomv.jpg?compress=85&width=200,Đàn piano điện yamaha YDP-103,Giá từ 3.990.000 đ
https://img.websosanh.vn/v2/users/root_product/images/dan-organ-yamaha-psr-e363/5mxut3no1zomv.jpg?compress=85&width=200,Đàn Organ Korg PA700,Giá từ 3.990.000 đ
https://img.websosanh.vn/v2/users/root_product/images/dan-organ-yamaha-psr-e363/5mxut3no1zomv.jpg?compress=85&width=200,Đàn organ Yamaha PSR-EW410,Giá từ 3.990.000 đ
https://img.websosanh.vn/v2/users/root_product/images/dan-organ-yamaha-psr-e363/5mxut3no1zomv.jpg?compress=85&width=200,Đàn organ Yamaha PSR-SX900,Giá từ 3.990.000 đ
https://img.websosanh.vn/v2/users/root_product/images/dan-organ-yamaha-psr-e363/5mxut3no1zomv.jpg?compress=85&width=200,Đàn Organ Casio CTX3000,Giá từ 3.990.000 đ
https://img.websosanh.vn/v2/users/root_product/images/dan-organ-yamaha-psr-e363/5mxut3no1zomv.jpg?compress=85&width=200,Đàn organ Yamaha PSR-SX700,Giá từ 3.990.000 đ
https://img.websosanh.vn/v2/users/root_product/images/dan-organ-yamaha-psr-e363/5mxut3no1zomv.jpg?compress=85&width=200,Đàn Organ Casio CT-X5000,Giá từ 3.990.000 đ
https://img.websosanh.vn/v2/users/root_product/images/dan-organ-yamaha-psr-e363/5mxut3no1zomv.jpg?compress=85&width=200,Đàn Organ Roland XPS-10,Giá từ 3.990.000 đ
https://img.websosanh.vn/v2/users/root_product/images/dan-organ-yamaha-psr-e363/5mxut3no1zomv.jpg?compress=85&width=200,Đàn Organ Kurtzman K200,Giá từ 3.990.000 đ
https://img.websosanh.vn/v2/users/root_product/images/dan-organ-yamaha-psr-e363/5mxut3no1zomv.jpg?compress=85&width=200,Đàn Organ Casio CTK-3400,Giá từ 3.990.000 đ
https://img.websosanh.vn/v2/users/root_product/images/dan-organ-yamaha-psr-e363/5mxut3no1zomv.jpg?compress=85&width=200,Đàn organ Casio CTK-2500,Giá từ 3.990.000 đ
https://img.websosanh.vn/v2/users/root_product/images/dan-organ-yamaha-psr-e363/5mxut3no1zomv.jpg?compress=85&width=200,Đàn Organ Yamaha PSR-E443,Giá từ 3.990.000 đ
https://img.websosanh.vn/v2/users/root_product/images/dan-organ-yamaha-psr-e363/5mxut3no1zomv.jpg?compress=85&width=200,Pedal đa năng - Cherub Sustain Pedal WTB-005,Giá từ 3.990.000 đ
https://img.websosanh.vn/v2/users/root_product/images/dan-organ-yamaha-psr-e363/5mxut3no1zomv.jpg?compress=85&width=200,Đàn Organ Casio CTK-6250,Giá từ 3.990.000 đ
https://img.websosanh.vn/v2/users/root_product/images/dan-organ-yamaha-psr-e363/5mxut3no1zomv.jpg?compress=85&width=200,Đàn Organ Roland BK5 (BK-5),Giá từ 3.990.000 đ
https://img.websosanh.vn/v2/users/root_product/images/dan-organ-yamaha-psr-e363/5mxut3no1zomv.jpg?compress=85&width=200,Đàn Organ Casio WK-7600,Giá từ 3.990.000 đ
https://img.websosanh.vn/v2/users/root_product/images/dan-organ-yamaha-psr-e363/5mxut3no1zomv.jpg?compress=85&width=200,Đàn Organ Meike MK-935,Giá từ 3.990.000 đ
https://img.websosanh.vn/v2/users/root_product/images/dan-organ-yamaha-psr-e363/5mxut3no1zomv.jpg?compress=85&width=200,Đàn organ Roland EX20,Giá từ 3.990.000 đ
https://img.websosanh.vn/v2/users/root_product/images/dan-organ-yamaha-psr-e363/5mxut3no1zomv.jpg?compress=85&width=200,Đàn Organ Casio WK240 (WK-240),Giá từ 3.990.000 đ
https://img.websosanh.vn/v2/users/root_product/images/dan-organ-yamaha-psr-e363/5mxut3no1zomv.jpg?compress=85&width=200,Đàn Organ Casio WK-6600,Giá từ 3.990.000 đ
https://img.websosanh.vn/v2/users/root_product/images/dan-organ-yamaha-psr-e363/5mxut3no1zomv.jpg?compress=85&width=200,Đàn Organ Yamaha PSR E423,Giá từ 3.990.000 đ
https://img.websosanh.vn/v2/users/root_product/images/dan-organ-yamaha-psr-e363/5mxut3no1zomv.jpg?compress=85&width=200,Đàn Organ casio LK-265,Giá từ 3.990.000 đ
image,name,price
https://img.websosanh.vn/v2/users/root_product/images/dan-organ-yamaha-psr-e363/5mxut3no1zomv.jpg?compress=85&width=200,Đàn Organ Yamaha PSR E363,Giá từ 3.990.000 đ
https://img.websosanh.vn/v2/users/root_product/images/dan-organ-yamaha-psr-e363/5mxut3no1zomv.jpg?compress=85&width=200,Đàn organ Yamaha PSR-E463,Giá từ 3.990.000 đ
https://img.websosanh.vn/v2/users/root_product/images/dan-organ-yamaha-psr-e363/5mxut3no1zomv.jpg?compress=85&width=200,Đàn organ Casio CT-X700,Giá từ 3.990.000 đ
https://img.websosanh.vn/v2/users/root_product/images/dan-organ-yamaha-psr-e363/5mxut3no1zomv.jpg?compress=85&width=200,Đàn organ Electone Yamaha EL-900,Giá từ 3.990.000 đ
https://img.websosanh.vn/v2/users/root_product/images/dan-organ-yamaha-psr-e363/5mxut3no1zomv.jpg?compress=85&width=200,Đàn Organ Yamaha PSR S770,Giá từ 3.990.000 đ
https://img.websosanh.vn/v2/users/root_product/images/dan-organ-yamaha-psr-e363/5mxut3no1zomv.jpg?compress=85&width=200,Đàn Organ Korg Pa600 (Pa-600),Giá từ 3.990.000 đ
https://img.websosanh.vn/v2/users/root_product/images/dan-organ-yamaha-psr-e363/5mxut3no1zomv.jpg?compress=85&width=200,Đàn Organ Roland BK3 (BK-3) - Màu WH/ BK,Giá từ 3.990.000 đ
https://img.websosanh.vn/v2/users/root_product/images/dan-organ-yamaha-psr-e363/5mxut3no1zomv.jpg?compress=85&width=200,Đàn organ Yamaha PSR-S670,Giá từ 3.990.000 đ
https://img.websosanh.vn/v2/users/root_product/images/dan-organ-yamaha-psr-e363/5mxut3no1zomv.jpg?compress=85&width=200,Đàn Organ Yamaha PSR-S750,Giá từ 3.990.000 đ
https://img.websosanh.vn/v2/users/root_product/images/dan-organ-yamaha-psr-e363/5mxut3no1zomv.jpg?compress=85&width=200,Đàn organ Roland E-A7,Giá từ 3.990.000 đ
https://img.websosanh.vn/v2/users/root_product/images/dan-organ-yamaha-psr-e363/5mxut3no1zomv.jpg?compress=85&width=200,Đàn Organ Yamaha PSR-S950,Giá từ 3.990.000 đ
https://img.websosanh.vn/v2/users/root_product/images/dan-organ-yamaha-psr-e363/5mxut3no1zomv.jpg?compress=85&width=200,Đàn Organ Yamaha PSR E263,Giá từ 3.990.000 đ
https://img.websosanh.vn/v2/users/root_product/images/dan-organ-yamaha-psr-e363/5mxut3no1zomv.jpg?compress=85&width=200,Đàn Organ Yamaha PSR-S970,Giá từ 3.990.000 đ
https://img.websosanh.vn/v2/users/root_product/images/dan-organ-yamaha-psr-e363/5mxut3no1zomv.jpg?compress=85&width=200,Đàn organ Yamaha PSR-F51,Giá từ 3.990.000 đ
https://img.websosanh.vn/v2/users/root_product/images/dan-organ-yamaha-psr-e363/5mxut3no1zomv.jpg?compress=85&width=200,Đàn Organ Casio CT-X800,Giá từ 3.990.000 đ
https://img.websosanh.vn/v2/users/root_product/images/dan-organ-yamaha-psr-e363/5mxut3no1zomv.jpg?compress=85&width=200,Đàn organ Yamaha PSR-E453,Giá từ 3.990.000 đ
https://img.websosanh.vn/v2/users/root_product/images/dan-organ-yamaha-psr-e363/5mxut3no1zomv.jpg?compress=85&width=200,Đàn Organ Yamaha PSR VN300 (VN-300),Giá từ 3.990.000 đ
https://img.websosanh.vn/v2/users/root_product/images/dan-organ-yamaha-psr-e363/5mxut3no1zomv.jpg?compress=85&width=200,Đàn organ Yamaha PSR-S975,Giá từ 3.990.000 đ
https://img.websosanh.vn/v2/users/root_product/images/dan-organ-yamaha-psr-e363/5mxut3no1zomv.jpg?compress=85&width=200,Đàn piano điện yamaha YDP-103,Giá từ 3.990.000 đ
https://img.websosanh.vn/v2/users/root_product/images/dan-organ-yamaha-psr-e363/5mxut3no1zomv.jpg?compress=85&width=200,Đàn Organ Korg PA700,Giá từ 3.990.000 đ
https://img.websosanh.vn/v2/users/root_product/images/dan-organ-yamaha-psr-e363/5mxut3no1zomv.jpg?compress=85&width=200,Đàn organ Yamaha PSR-EW410,Giá từ 3.990.000 đ
https://img.websosanh.vn/v2/users/root_product/images/dan-organ-yamaha-psr-e363/5mxut3no1zomv.jpg?compress=85&width=200,Đàn organ Yamaha PSR-SX700,Giá từ 3.990.000 đ
https://img.websosanh.vn/v2/users/root_product/images/dan-organ-yamaha-psr-e363/5mxut3no1zomv.jpg?compress=85&width=200,Đàn organ Yamaha PSR-SX900,Giá từ 3.990.000 đ
https://img.websosanh.vn/v2/users/root_product/images/dan-organ-yamaha-psr-e363/5mxut3no1zomv.jpg?compress=85&width=200,Đàn Organ Casio CTX3000,Giá từ 3.990.000 đ
https://img.websosanh.vn/v2/users/root_product/images/dan-organ-yamaha-psr-e363/5mxut3no1zomv.jpg?compress=85&width=200,Đàn Organ Casio CT-X5000,Giá từ 3.990.000 đ
https://img.websosanh.vn/v2/users/root_product/images/dan-organ-yamaha-psr-e363/5mxut3no1zomv.jpg?compress=85&width=200,Đàn Organ Roland XPS-10,Giá từ 3.990.000 đ
https://img.websosanh.vn/v2/users/root_product/images/dan-organ-yamaha-psr-e363/5mxut3no1zomv.jpg?compress=85&width=200,Đàn Organ Casio CTK-3400,Giá từ 3.990.000 đ
https://img.websosanh.vn/v2/users/root_product/images/dan-organ-yamaha-psr-e363/5mxut3no1zomv.jpg?compress=85&width=200,Đàn Organ Kurtzman K200,Giá từ 3.990.000 đ
https://img.websosanh.vn/v2/users/root_product/images/dan-organ-yamaha-psr-e363/5mxut3no1zomv.jpg?compress=85&width=200,Đàn organ Casio CTK-2500,Giá từ 3.990.000 đ
https://img.websosanh.vn/v2/users/root_product/images/dan-organ-yamaha-psr-e363/5mxut3no1zomv.jpg?compress=85&width=200,Đàn Organ Yamaha PSR-E443,Giá từ 3.990.000 đ
https://img.websosanh.vn/v2/users/root_product/images/dan-organ-yamaha-psr-e363/5mxut3no1zomv.jpg?compress=85&width=200,Đàn Organ Casio CTK-6250,Giá từ 3.990.000 đ
https://img.websosanh.vn/v2/users/root_product/images/dan-organ-yamaha-psr-e363/5mxut3no1zomv.jpg?compress=85&width=200,Pedal đa năng - Cherub Sustain Pedal WTB-005,Giá từ 3.990.000 đ
https://img.websosanh.vn/v2/users/root_product/images/dan-organ-yamaha-psr-e363/5mxut3no1zomv.jpg?compress=85&width=200,Đàn Organ Roland BK5 (BK-5),Giá từ 3.990.000 đ
https://img.websosanh.vn/v2/users/root_product/images/dan-organ-yamaha-psr-e363/5mxut3no1zomv.jpg?compress=85&width=200,Đàn Organ Casio WK-7600,Giá từ 3.990.000 đ
https://img.websosanh.vn/v2/users/root_product/images/dan-organ-yamaha-psr-e363/5mxut3no1zomv.jpg?compress=85&width=200,Đàn Organ Meike MK-935,Giá từ 3.990.000 đ
https://img.websosanh.vn/v2/users/root_product/images/dan-organ-yamaha-psr-e363/5mxut3no1zomv.jpg?compress=85&width=200,Đàn organ Roland EX20,Giá từ 3.990.000 đ
https://img.websosanh.vn/v2/users/root_product/images/dan-organ-yamaha-psr-e363/5mxut3no1zomv.jpg?compress=85&width=200,Đàn Organ Casio WK240 (WK-240),Giá từ 3.990.000 đ
https://img.websosanh.vn/v2/users/root_product/images/dan-organ-yamaha-psr-e363/5mxut3no1zomv.jpg?compress=85&width=200,Đàn Organ Casio WK-6600,Giá từ 3.990.000 đ
https://img.websosanh.vn/v2/users/root_product/images/dan-organ-yamaha-psr-e363/5mxut3no1zomv.jpg?compress=85&width=200,Đàn Organ Yamaha PSR E423,Giá từ 3.990.000 đ
https://img.websosanh.vn/v2/users/root_product/images/dan-organ-yamaha-psr-e363/5mxut3no1zomv.jpg?compress=85&width=200,Đàn Organ casio LK-265,Giá từ 3.990.000 đ
https://img.websosanh.vn/v2/users/root_product/images/dan-organ-yamaha-psr-e363/5mxut3no1zomv.jpg?compress=85&width=200,Đàn Organ Yamaha PSR E363,Giá từ 3.990.000 đ
https://img.websosanh.vn/v2/users/root_product/images/dan-organ-yamaha-psr-e363/5mxut3no1zomv.jpg?compress=85&width=200,Đàn organ Yamaha PSR-E463,Giá từ 3.990.000 đ
https://img.websosanh.vn/v2/users/root_product/images/dan-organ-yamaha-psr-e363/5mxut3no1zomv.jpg?compress=85&width=200,Đàn organ Casio CT-X700,Giá từ 3.990.000 đ
https://img.websosanh.vn/v2/users/root_product/images/dan-organ-yamaha-psr-e363/5mxut3no1zomv.jpg?compress=85&width=200,Đàn organ Electone Yamaha EL-900,Giá từ 3.990.000 đ
https://img.websosanh.vn/v2/users/root_product/images/dan-organ-yamaha-psr-e363/5mxut3no1zomv.jpg?compress=85&width=200,Đàn Organ Yamaha PSR S770,Giá từ 3.990.000 đ
https://img.websosanh.vn/v2/users/root_product/images/dan-organ-yamaha-psr-e363/5mxut3no1zomv.jpg?compress=85&width=200,Đàn Organ Korg Pa600 (Pa-600),Giá từ 3.990.000 đ
https://img.websosanh.vn/v2/users/root_product/images/dan-organ-yamaha-psr-e363/5mxut3no1zomv.jpg?compress=85&width=200,Đàn Organ Roland BK3 (BK-3) - Màu WH/ BK,Giá từ 3.990.000 đ
https://img.websosanh.vn/v2/users/root_product/images/dan-organ-yamaha-psr-e363/5mxut3no1zomv.jpg?compress=85&width=200,Đàn organ Yamaha PSR-S670,Giá từ 3.990.000 đ
https://img.websosanh.vn/v2/users/root_product/images/dan-organ-yamaha-psr-e363/5mxut3no1zomv.jpg?compress=85&width=200,Đàn Organ Yamaha PSR-S750,Giá từ 3.990.000 đ
https://img.websosanh.vn/v2/users/root_product/images/dan-organ-yamaha-psr-e363/5mxut3no1zomv.jpg?compress=85&width=200,Đàn organ Roland E-A7,Giá từ 3.990.000 đ
https://img.websosanh.vn/v2/users/root_product/images/dan-organ-yamaha-psr-e363/5mxut3no1zomv.jpg?compress=85&width=200,Đàn Organ Yamaha PSR-S950,Giá từ 3.990.000 đ
https://img.websosanh.vn/v2/users/root_product/images/dan-organ-yamaha-psr-e363/5mxut3no1zomv.jpg?compress=85&width=200,Đàn Organ Yamaha PSR E263,Giá từ 3.990.000 đ
https://img.websosanh.vn/v2/users/root_product/images/dan-organ-yamaha-psr-e363/5mxut3no1zomv.jpg?compress=85&width=200,Đàn Organ Yamaha PSR-S970,Giá từ 3.990.000 đ
https://img.websosanh.vn/v2/users/root_product/images/dan-organ-yamaha-psr-e363/5mxut3no1zomv.jpg?compress=85&width=200,Đàn organ Yamaha PSR-F51,Giá từ 3.990.000 đ
https://img.websosanh.vn/v2/users/root_product/images/dan-organ-yamaha-psr-e363/5mxut3no1zomv.jpg?compress=85&width=200,Đàn Organ Casio CT-X800,Giá từ 3.990.000 đ
https://img.websosanh.vn/v2/users/root_product/images/dan-organ-yamaha-psr-e363/5mxut3no1zomv.jpg?compress=85&width=200,Đàn organ Yamaha PSR-E453,Giá từ 3.990.000 đ
https://img.websosanh.vn/v2/users/root_product/images/dan-organ-yamaha-psr-e363/5mxut3no1zomv.jpg?compress=85&width=200,Đàn Organ Yamaha PSR VN300 (VN-300),Giá từ 3.990.000 đ
https://img.websosanh.vn/v2/users/root_product/images/dan-organ-yamaha-psr-e363/5mxut3no1zomv.jpg?compress=85&width=200,Đàn organ Yamaha PSR-S975,Giá từ 3.990.000 đ
https://img.websosanh.vn/v2/users/root_product/images/dan-organ-yamaha-psr-e363/5mxut3no1zomv.jpg?compress=85&width=200,Đàn piano điện yamaha YDP-103,Giá từ 3.990.000 đ
https://img.websosanh.vn/v2/users/root_product/images/dan-organ-yamaha-psr-e363/5mxut3no1zomv.jpg?compress=85&width=200,Đàn Organ Korg PA700,Giá từ 3.990.000 đ
https://img.websosanh.vn/v2/users/root_product/images/dan-organ-yamaha-psr-e363/5mxut3no1zomv.jpg?compress=85&width=200,Đàn organ Yamaha PSR-EW410,Giá từ 3.990.000 đ
https://img.websosanh.vn/v2/users/root_product/images/dan-organ-yamaha-psr-e363/5mxut3no1zomv.jpg?compress=85&width=200,Đàn organ Yamaha PSR-SX700,Giá từ 3.990.000 đ
https://img.websosanh.vn/v2/users/root_product/images/dan-organ-yamaha-psr-e363/5mxut3no1zomv.jpg?compress=85&width=200,Đàn organ Yamaha PSR-SX900,Giá từ 3.990.000 đ
https://img.websosanh.vn/v2/users/root_product/images/dan-organ-yamaha-psr-e363/5mxut3no1zomv.jpg?compress=85&width=200,Đàn Organ Casio CTX3000,Giá từ 3.990.000 đ
https://img.websosanh.vn/v2/users/root_product/images/dan-organ-yamaha-psr-e363/5mxut3no1zomv.jpg?compress=85&width=200,Đàn Organ Casio CT-X5000,Giá từ 3.990.000 đ
https://img.websosanh.vn/v2/users/root_product/images/dan-organ-yamaha-psr-e363/5mxut3no1zomv.jpg?compress=85&width=200,Đàn Organ Roland XPS-10,Giá từ 3.990.000 đ
https://img.websosanh.vn/v2/users/root_product/images/dan-organ-yamaha-psr-e363/5mxut3no1zomv.jpg?compress=85&width=200,Đàn Organ Casio CTK-3400,Giá từ 3.990.000 đ
https://img.websosanh.vn/v2/users/root_product/images/dan-organ-yamaha-psr-e363/5mxut3no1zomv.jpg?compress=85&width=200,Đàn Organ Kurtzman K200,Giá từ 3.990.000 đ
https://img.websosanh.vn/v2/users/root_product/images/dan-organ-yamaha-psr-e363/5mxut3no1zomv.jpg?compress=85&width=200,Đàn organ Casio CTK-2500,Giá từ 3.990.000 đ
https://img.websosanh.vn/v2/users/root_product/images/dan-organ-yamaha-psr-e363/5mxut3no1zomv.jpg?compress=85&width=200,Đàn Organ Yamaha PSR-E443,Giá từ 3.990.000 đ
https://img.websosanh.vn/v2/users/root_product/images/dan-organ-yamaha-psr-e363/5mxut3no1zomv.jpg?compress=85&width=200,Đàn Organ Casio CTK-6250,Giá từ 3.990.000 đ
https://img.websosanh.vn/v2/users/root_product/images/dan-organ-yamaha-psr-e363/5mxut3no1zomv.jpg?compress=85&width=200,Pedal đa năng - Cherub Sustain Pedal WTB-005,Giá từ 3.990.000 đ
https://img.websosanh.vn/v2/users/root_product/images/dan-organ-yamaha-psr-e363/5mxut3no1zomv.jpg?compress=85&width=200,Đàn Organ Roland BK5 (BK-5),Giá từ 3.990.000 đ
https://img.websosanh.vn/v2/users/root_product/images/dan-organ-yamaha-psr-e363/5mxut3no1zomv.jpg?compress=85&width=200,Đàn Organ Casio WK-7600,Giá từ 3.990.000 đ
https://img.websosanh.vn/v2/users/root_product/images/dan-organ-yamaha-psr-e363/5mxut3no1zomv.jpg?compress=85&width=200,Đàn Organ Meike MK-935,Giá từ 3.990.000 đ
https://img.websosanh.vn/v2/users/root_product/images/dan-organ-yamaha-psr-e363/5mxut3no1zomv.jpg?compress=85&width=200,Đàn organ Roland EX20,Giá từ 3.990.000 đ
https://img.websosanh.vn/v2/users/root_product/images/dan-organ-yamaha-psr-e363/5mxut3no1zomv.jpg?compress=85&width=200,Đàn Organ Casio WK240 (WK-240),Giá từ 3.990.000 đ
https://img.websosanh.vn/v2/users/root_product/images/dan-organ-yamaha-psr-e363/5mxut3no1zomv.jpg?compress=85&width=200,Đàn Organ Casio WK-6600,Giá từ 3.990.000 đ
https://img.websosanh.vn/v2/users/root_product/images/dan-organ-yamaha-psr-e363/5mxut3no1zomv.jpg?compress=85&width=200,Đàn Organ Yamaha PSR E423,Giá từ 3.990.000 đ
https://img.websosanh.vn/v2/users/root_product/images/dan-organ-yamaha-psr-e363/5mxut3no1zomv.jpg?compress=85&width=200,Đàn Organ casio LK-265,Giá từ 3.990.000 đ
