author,genre,imgURL,old_price,price,title
Colin Barrow,business-analysis,https://cdn0.fahasa.com/media/catalog/product/cache/1/image/9df78eab33525d08d6e5fb8d27136e95/i/m/image_175112.jpg,90.000,54.000,Tạo Lập Kế Hoạch Kinh Doanh Hoàn Hảo
TS. Paul L. Marciano,business-analysis,https://cdn0.fahasa.com/media/catalog/product/cache/1/image/9df78eab33525d08d6e5fb8d27136e95/i/m/image_172030.jpg,129.000,94.815,Tạm Biệt Cà Rốt Và Cây Gậy (Tái Bản 2018)
Parag Khanna,business-analysis,https://cdn0.fahasa.com/media/catalog/product/cache/1/image/9df78eab33525d08d6e5fb8d27136e95/i/m/image_195509_1_40507.jpg,210.000,178.500,Tương Lai Thuộc Về Châu Á
Sunil Gupta,business-analysis,https://cdn0.fahasa.com/media/catalog/product/cache/1/image/9df78eab33525d08d6e5fb8d27136e95/i/m/image_180260.jpg,159.000,103.350,Kinh Doanh Trong Thời Đại 4.0
Song Hongbing,business-analysis,https://cdn0.fahasa.com/media/catalog/product/cache/1/image/9df78eab33525d08d6e5fb8d27136e95/i/m/image_195509_1_5667.jpg,155.000,108.500,Chiến Tranh Tiền Tệ - Sự Thống Trị Của Quyền Lực Tài Chính
Tachkawa Mitsuaki,business-analysis,https://cdn0.fahasa.com/media/catalog/product/cache/1/image/9df78eab33525d08d6e5fb8d27136e95/i/m/image_175113.jpg,96.000,76.800,Bắt Chước Để Thành Công
Mike Michalowicz,business-analysis,https://cdn0.fahasa.com/media/catalog/product/cache/1/image/9df78eab33525d08d6e5fb8d27136e95/i/m/image_195509_1_39469.jpg,149.000,119.200,Dòng Tiền Gắn Liền Lợi Nhuận
Kevin Kelly,business-analysis,https://cdn0.fahasa.com/media/catalog/product/cache/1/image/9df78eab33525d08d6e5fb8d27136e95/i/m/image_184255.jpg,169.000,92.950,12 Xu Hướng Công Nghệ Trong Thời Đại 4.0
Michael Lewis,business-analysis,https://cdn0.fahasa.com/media/catalog/product/cache/1/image/9df78eab33525d08d6e5fb8d27136e95/a/b/abb87915-ad4c-4029-a2bf-3ba07a52fd5e.jpg,149.000,116.220,Bán Khống (Tái Bản 2018)
Davis S Landes,business-analysis,https://cdn0.fahasa.com/media/catalog/product/cache/1/image/9df78eab33525d08d6e5fb8d27136e95/i/m/image_195509_1_39471.jpg,399.000,319.200,Sự Giàu Và Nghèo Của Các Dân Tộc - The Wealth And The Poverty Of Nations
Nguyễn Đức Dũng,business-analysis,https://cdn0.fahasa.com/media/catalog/product/cache/1/image/9df78eab33525d08d6e5fb8d27136e95/i/m/image_216935.jpg,300.000,240.000,Kinh Tế Đêm & Phi Chính Thức
Joshua Gans,business-analysis,https://cdn0.fahasa.com/media/catalog/product/cache/1/image/9df78eab33525d08d6e5fb8d27136e95/c/o/covid-19--b_a-1.jpg,189.000,122.850,Phục Hồi Kinh Tế Sau Khủng Hoảng Covid-19 - Economics In The Age Of COVID-19
"Tom Koulopoulos, Dan Keldsen",business-analysis,https://cdn0.fahasa.com/media/catalog/product/cache/1/image/9df78eab33525d08d6e5fb8d27136e95/t/h/th_-h_-z---b_a-1.jpg,139.000,69.500,Thế Hệ Z: Hiểu Rõ Về Thế Hệ Sẽ Định Hình Tương Lai Của Doanh Nghiệp
Melanie Swan,business-analysis,https://cdn0.fahasa.com/media/catalog/product/cache/1/image/9df78eab33525d08d6e5fb8d27136e95/8/9/8935251407723.jpg,199.000,155.220,Blockchain - Khởi Nguồn Cho Một Nền Kinh Tế Mới
Henry Kissinger,business-analysis,https://cdn0.fahasa.com/media/catalog/product/cache/1/image/9df78eab33525d08d6e5fb8d27136e95/i/m/image_195509_1_37510.jpg,299.000,239.200,Về Trung Quốc
Niall Ferguson,business-analysis,https://cdn0.fahasa.com/media/catalog/product/cache/1/image/9df78eab33525d08d6e5fb8d27136e95/i/m/image_195509_1_40502.jpg,259.000,207.200,Đồng Tiền Lên Ngôi: Lịch Sử Tài Chính Thế Giới
Gino Wickman,business-analysis,https://cdn0.fahasa.com/media/catalog/product/cache/1/image/9df78eab33525d08d6e5fb8d27136e95/i/m/image_195509_1_10685.jpg,159.000,116.865,Siêu Tăng Trưởng
"Kevin Mitnick, William L Simon",business-analysis,https://cdn0.fahasa.com/media/catalog/product/cache/1/image/9df78eab33525d08d6e5fb8d27136e95/i/m/image_180164_1_43_1_57_1_4_1_2_1_210_1_29_1_98_1_25_1_21_1_5_1_3_1_18_1_18_1_45_1_26_1_32_1_14_1_2695.jpg,229.000,178.620,Bóng Ma Trên Mạng
GS TS Nguyễn Văn Tuấn,business-analysis,https://cdn0.fahasa.com/media/catalog/product/cache/1/image/9df78eab33525d08d6e5fb8d27136e95/i/m/image_195509_1_41515.jpg,250.000,200.000,Phân Tích Dữ Liệu Với R (Tái Bản 2020)
Huỳnh Bửu Sơn,business-analysis,https://cdn0.fahasa.com/media/catalog/product/cache/1/image/9df78eab33525d08d6e5fb8d27136e95/g/i/giac-mo-hoa-rong.jpg,129.000,42.000,Giấc Mơ Hóa Rồng
Thomas L Friedman,business-analysis,https://cdn0.fahasa.com/media/catalog/product/cache/1/image/9df78eab33525d08d6e5fb8d27136e95/c/h/chiec-lexus-va-cay-o-liu-tb-2020.jpg,255.000,204.000,Chiếc Lexus Và Cây Ô Liu (Tái Bản 2020)
Zbigniew Brzezinski,business-analysis,https://cdn0.fahasa.com/media/catalog/product/cache/1/image/9df78eab33525d08d6e5fb8d27136e95/i/m/image_195509_1_16613.jpg,139.000,108.420,Bàn Cờ Lớn
"Dan Senor, Saul Singer",business-analysis,https://cdn0.fahasa.com/media/catalog/product/cache/1/image/9df78eab33525d08d6e5fb8d27136e95/q/u/quoc-gia-khoi-nghiep_outline_28.3.2019-01.jpg,179.000,131.565,Quốc Gia Khởi Nghiệp - Câu Chuyện Về Nền Kinh Tế Thần Kỳ Của Israel (Tái Bản 2019)
James Rickards,business-analysis,https://cdn0.fahasa.com/media/catalog/product/cache/1/image/9df78eab33525d08d6e5fb8d27136e95/i/m/image_183638.jpg,145.000,123.250,Các Cuộc Chiến Tranh Tiền Tệ (Tái Bản 2019)
Adair Turner,business-analysis,https://cdn0.fahasa.com/media/catalog/product/cache/1/image/9df78eab33525d08d6e5fb8d27136e95/i/m/image_195509_1_9786.jpg,186.000,145.080,Nợ Nần Và Quỷ Dữ
Daniel P Simon,business-analysis,https://cdn0.fahasa.com/media/catalog/product/cache/1/image/9df78eab33525d08d6e5fb8d27136e95/i/m/image_220735.jpg,189.000,151.200,The Money Hackers Cách Mạng Fintech
Brett King,business-analysis,https://cdn0.fahasa.com/media/catalog/product/cache/1/image/9df78eab33525d08d6e5fb8d27136e95/9/7/9786048903091_1.jpg,159.000,79.500,Ngân Hàng Đột Phá
David E Sanger,business-analysis,https://cdn0.fahasa.com/media/catalog/product/cache/1/image/9df78eab33525d08d6e5fb8d27136e95/v/u/vu-khi-hoan-hao-out-01.jpg,165.000,115.500,"Vũ Khí Hoàn Hảo - Chiến Tranh, Sự Phá Hoại Và Nỗi Sợ Trong Kỷ Nguyên Mạng"
Ha Joon Chang,business-analysis,https://cdn0.fahasa.com/media/catalog/product/cache/1/image/9df78eab33525d08d6e5fb8d27136e95/l/e/len-gac-rut-thang_1.jpg,79.000,32.000,Lên Gác Rút Thang
Nguyễn Phi Vân,business-analysis,https://cdn0.fahasa.com/media/catalog/product/cache/1/image/9df78eab33525d08d6e5fb8d27136e95/g/o/go_global.jpg,300.000,195.000,Go Global: An Msme's Guide To Global Franchising
Bernard Marr,business-analysis,https://cdn0.fahasa.com/media/catalog/product/cache/1/image/9df78eab33525d08d6e5fb8d27136e95/8/9/8935251402957.jpg,149.000,111.750,Dữ Liệu Lớn
TS Hà Minh Hiệp,business-analysis,https://cdn0.fahasa.com/media/catalog/product/cache/1/image/9df78eab33525d08d6e5fb8d27136e95/i/m/image_195509_1_385.jpg,125.000,100.000,Sản Xuất Thông Minh Trong Cách Mạng Công Nghiệp 4.0
"Mark Yarnell, Rene Reid Yarnell",business-analysis,https://cdn0.fahasa.com/media/catalog/product/cache/1/image/9df78eab33525d08d6e5fb8d27136e95/i/m/image_195509_1_50127.jpg,169.000,135.200,Mạng Lưới Kinh Doanh Đa Cấp - Your First Year In Network Marketing
"Robert T Kiyosaki, John Fleming, Kim Kiyosaki",business-analysis,https://cdn0.fahasa.com/media/catalog/product/cache/1/image/9df78eab33525d08d6e5fb8d27136e95/i/m/image_195509_1_603.jpg,85.000,72.250,Doanh Nghiệp Của Thế Kỷ 21 (Tái Bản 2019)
"Đỗ Văn Dũng, Phạm Thanh Hằng, Đỗ Mạnh Hùng",business-analysis,https://cdn0.fahasa.com/media/catalog/product/cache/1/image/9df78eab33525d08d6e5fb8d27136e95/i/m/image_195509_1_45021.jpg,299.000,209.300,Giải Pháp Đặc Biệt Nâng Cao Chất Lượng Nguồn Nhân Lực Và Phát Triển Hệ Thống Khách Hàng Cho Các Doanh Nghiệp Việt Nam
Mackenzie Kyle,business-analysis,https://cdn0.fahasa.com/media/catalog/product/cache/1/image/9df78eab33525d08d6e5fb8d27136e95/t/h/thuatdacnhantamnangtamhieusuat_bia1.jpg,119.000,71.400,Thuật Đắc Nhân Tâm Nâng Tầm Hiệu Suất
"Harry S Dent, Jr, Andrew Pancholi",business-analysis,https://cdn0.fahasa.com/media/catalog/product/cache/1/image/9df78eab33525d08d6e5fb8d27136e95/i/m/image_182845.jpg,0.00,299.000,Khủng Hoảng Tài Chính:Những Điềm Báo Trước Giờ G
"Jeremy Heimans, Henry Timms",business-analysis,https://cdn0.fahasa.com/media/catalog/product/cache/1/image/9df78eab33525d08d6e5fb8d27136e95/i/m/image_180524.jpg,188.000,127.840,Quyền Lực Mới - Tương Lai Thế Giới Sẽ Được Định Hình Như Thế Nào?
"Jeff Gothelf, Josh Seiden",business-analysis,https://cdn0.fahasa.com/media/catalog/product/cache/1/image/9df78eab33525d08d6e5fb8d27136e95/n/x/nxbtre_full_10462018_094621.jpg,105.000,89.250,Cảm Nhận Và Ứng Phó - Các Công Ty Thành Công Đã Lắng Nghe Khách Hàng Và Liên Tục Tạo Ra Sản Phẩm Mới Như Thế Nào?
"Peter D Schiff, Andrew J Schiff",business-analysis,https://cdn0.fahasa.com/media/catalog/product/cache/1/image/9df78eab33525d08d6e5fb8d27136e95/i/m/image_195509_1_40495.jpg,152.000,121.600,Nền Kinh Tế Tăng Trưởng Và Sụp Đổ Như Thế Nào? (Tái Bản 2020)
"Ajay Agrawal, Joshua Gans, Avi Goldfarb",business-analysis,https://cdn0.fahasa.com/media/catalog/product/cache/1/image/9df78eab33525d08d6e5fb8d27136e95/x/x/xxxxxxxxxx.jpg,149.000,116.220,Ai Trong Cuộc Cách Mạng Công Nghệ 4.0
Niall Ferguson,business-analysis,https://cdn0.fahasa.com/media/catalog/product/cache/1/image/9df78eab33525d08d6e5fb8d27136e95/i/m/image_221273.jpg,349.000,279.200,Quảng Trường Và Tòa Tháp
OXFORD,business-analysis,https://cdn0.fahasa.com/media/catalog/product/cache/1/image/9df78eab33525d08d6e5fb8d27136e95/i/m/image_195509_1_37865.jpg,278.000,180.700,Con Đường Công Nghiệp Hóa Trong Thế Kỷ XXI: Những Thách Thức Mới Và Những Mô Hình Nổi Trội
Ha Joon Chang ,business-analysis,https://cdn0.fahasa.com/media/catalog/product/cache/1/image/9df78eab33525d08d6e5fb8d27136e95/c/a/cam_nang_kinh_te.jpg,234.000,182.520,Cẩm Nang Kinh Tế Học
John P Kotter,business-analysis,https://cdn0.fahasa.com/media/catalog/product/cache/1/image/9df78eab33525d08d6e5fb8d27136e95/i/m/image_195509_1_17248.jpg,75.000,60.000,Bứt Phá - Accelerate
"Shawn D Moon, Sue Dathe Douglass",business-analysis,https://cdn0.fahasa.com/media/catalog/product/cache/1/image/9df78eab33525d08d6e5fb8d27136e95/i/m/image_195509_1_17247.jpg,105.000,84.000,Lợi Thế Cạnh Tranh Tối Ưu
Brett King,business-analysis,https://cdn0.fahasa.com/media/catalog/product/cache/1/image/9df78eab33525d08d6e5fb8d27136e95/c/u/cuoc-cach-mang-ai.jpg,180.000,117.000,Cuộc Cách Mạng AI (Tái Bản 2019)
Joe Studwell,business-analysis,https://cdn0.fahasa.com/media/catalog/product/cache/1/image/9df78eab33525d08d6e5fb8d27136e95/i/m/image_176083.jpg,199.000,155.220,Những Bố Già Châu Á (Tái Bản 2018)
Đỗ Đình Tấn,business-analysis,https://cdn0.fahasa.com/media/catalog/product/cache/1/image/9df78eab33525d08d6e5fb8d27136e95/i/m/image_189376.jpg,120.000,102.000,Truyền Thông & Kinh Doanh
Arun Sundararajan,business-analysis,https://cdn0.fahasa.com/media/catalog/product/cache/1/image/9df78eab33525d08d6e5fb8d27136e95/n/x/nxbtre_full_05132018_031305.jpg,138.000,117.300,"Nền Kinh Tế Chia Sẻ - Sự Kết Thúc Của Việc Làm, Và Sự Trỗi Dậy Của Chủ Nghĩa Tư Bản Dựa-Trên-Đám-Đông (Tái Bản 2018)"
"Stephen J Dubner, Steven D Levitt, Robbie Kellman Baxter",business-analysis,https://cdn0.fahasa.com/media/catalog/product/cache/1/image/9df78eab33525d08d6e5fb8d27136e95/c/o/combo-8935251413649-8935251404616.jpg,0,0,Combo Kinh Tế Học Hài Hước + Kinh Tế Thành Viên (Bộ 2 Cuốn)
Shaun Rein,business-analysis,https://cdn0.fahasa.com/media/catalog/product/cache/1/image/9df78eab33525d08d6e5fb8d27136e95/i/m/image_220449.jpg,145.000,116.000,Kiếm Lời Từ Một Trật Tự Thế Giới Mới
David Cay Johnston,business-analysis,https://cdn0.fahasa.com/media/catalog/product/cache/1/image/9df78eab33525d08d6e5fb8d27136e95/i/m/image_189770.jpg,179.000,107.400,Nước Mỹ Dưới Thời Donald Trump
"Michelle E Messina, Jonathan C Baer",business-analysis,https://cdn0.fahasa.com/media/catalog/product/cache/1/image/9df78eab33525d08d6e5fb8d27136e95/i/m/image_186133.jpg,149.000,109.515,Giải Mã Bí Ẩn Thung Lũng Silicon
NXB Tổng hợp TP.HCM,business-analysis,https://cdn0.fahasa.com/media/catalog/product/cache/1/image/9df78eab33525d08d6e5fb8d27136e95/i/m/image_66898.jpg,62.000,48.360,Kinh Tế Trung Quốc
Charles Wheelan,business-analysis,https://cdn0.fahasa.com/media/catalog/product/cache/1/image/9df78eab33525d08d6e5fb8d27136e95/8/9/8935251407204.jpg,169.000,126.750,Đô-la Hay Lá Nho ? - Tái Bản 2017
Gary Hamel,business-analysis,https://cdn0.fahasa.com/media/catalog/product/cache/1/image/9df78eab33525d08d6e5fb8d27136e95/i/m/image_195509_1_44037.jpg,145.000,116.000,Chuyện Hệ Trọng Của Doanh Nghiệp Thời Nay - What Matters Now
Nhiều Tác Giả,business-analysis,https://cdn0.fahasa.com/media/catalog/product/cache/1/image/9df78eab33525d08d6e5fb8d27136e95/v/u/vung-buoc-thuong-truong.u4972.d20170601.t141516.852332.jpg,120.000,93.600,Vững Bước Thương Trường
Robert H. Frank,business-analysis,https://cdn0.fahasa.com/media/catalog/product/cache/1/image/9df78eab33525d08d6e5fb8d27136e95/8/9/8934974151685.jpg,80.000,68.000,Nhà Tự Nhiên Kinh Tế - Tại Sao Kinh Tế Học Có Thể Lý Giải Mọi Điều (Tái Bản 2017)
"David Ogilvy, Laura Busche",business-analysis,https://cdn0.fahasa.com/media/catalog/product/cache/1/image/9df78eab33525d08d6e5fb8d27136e95/c/o/combo-8935251403992-8935251406269.jpg,0,0,Combo Xây Dựng Thương Hiệu Tinh Gọn + Lời Tự Thú Của Một Bậc Thầy Quảng Cáo (Bộ 2 Cuốn)
Mehran Kamrava,business-analysis,https://cdn0.fahasa.com/media/catalog/product/cache/1/image/9df78eab33525d08d6e5fb8d27136e95/8/9/8934974139195_1.jpg,105.000,93.450,"Quatar  Đất Nước Nhỏ, Nền Chính Trị Lớn"
Steven E Landsburg,business-analysis,https://cdn0.fahasa.com/media/catalog/product/cache/1/image/9df78eab33525d08d6e5fb8d27136e95/k/i/kinh_te_hoc_danh_cho_dai_chung_outline_6.4.2016-02.jpg,149.000,116.220,Kinh Tế Học Dành Cho Đại Chúng (Tái Bản 2018)
Anindya Ghose,business-analysis,https://cdn0.fahasa.com/media/catalog/product/cache/1/image/9df78eab33525d08d6e5fb8d27136e95/i/m/image_195509_1_7958.jpg,140.000,119.000,"Chạm Để ""Mở"" Nền Kinh Tế Di Động"
Nguyễn Đức Dũng,business-analysis,https://cdn0.fahasa.com/media/catalog/product/cache/1/image/9df78eab33525d08d6e5fb8d27136e95/i/m/image_195509_1_17258.jpg,250.000,200.000,Khái Niệm Kinh Doanh Số 4.0
Shaun Rein,business-analysis,https://cdn0.fahasa.com/media/catalog/product/cache/1/image/9df78eab33525d08d6e5fb8d27136e95/i/m/image_195509_1_1403.jpg,82.000,65.600,Chấm Dứt Thời Đại Trung Quốc Giá Rẻ
"Sean Ellis, Morgan Brown",business-analysis,https://cdn0.fahasa.com/media/catalog/product/cache/1/image/9df78eab33525d08d6e5fb8d27136e95/i/m/image_195509_1_27542.jpg,179.000,148.570,Tăng Trưởng Đột Phá
Steven ELandsburg,business-analysis,https://cdn0.fahasa.com/media/catalog/product/cache/1/image/9df78eab33525d08d6e5fb8d27136e95/8/9/8936066707534.jpg,109.000,85.020,Kinh Tế Học Dành Cho Đại Chúng(Tái Bản 2015)
Shaun Rein,business-analysis,https://cdn0.fahasa.com/media/catalog/product/cache/1/image/9df78eab33525d08d6e5fb8d27136e95/i/m/image_131414.jpg,95.000,76.000,Chấm Dứt Thời Đại Trung Quốc Hàng Nhái
Jonathan P Allen,business-analysis,https://cdn0.fahasa.com/media/catalog/product/cache/1/image/9df78eab33525d08d6e5fb8d27136e95/i/m/image_195509_1_16626.jpg,149.000,116.220,Kinh Doanh Online
NXB Dân Trí,business-analysis,https://cdn0.fahasa.com/media/catalog/product/cache/1/image/9df78eab33525d08d6e5fb8d27136e95/i/m/image_195509_1_36800.jpg,129.000,107.070,Khám Phá Nhà Kinh Tế Học Trong Bạn
Klaus Schwab,business-analysis,https://cdn0.fahasa.com/media/catalog/product/cache/1/image/9df78eab33525d08d6e5fb8d27136e95/i/m/image_188106.jpg,130.000,91.000,Định Hình Cuộc Cách Mạng Công Nghiệp Lần Hứ Tư
John Mackey,business-analysis,https://cdn0.fahasa.com/media/catalog/product/cache/1/image/9df78eab33525d08d6e5fb8d27136e95/8/9/8935235214682.jpg,135.000,108.000,Chủ Nghĩa Tư Bản Có Ý Thức
Christian Davenport,business-analysis,https://cdn0.fahasa.com/media/catalog/product/cache/1/image/9df78eab33525d08d6e5fb8d27136e95/t/h/the-space-barons-01.jpg,239.000,191.200,Những Bá Chủ Không Gian - The Space Barons
"Heather Hansen, Jeremy Heimans, Henry Timms",business-analysis,https://cdn0.fahasa.com/media/catalog/product/cache/1/image/9df78eab33525d08d6e5fb8d27136e95/c/o/combo-8935278603016-8935086846421.jpg,0,0,Combo Đối Nhân Khéo - Xử Thế Hay + Quyền Lực Mới - Tương Lai Thế Giới Sẽ Được Định Hình Như Thế Nào? (Bộ 2 Cuốn)
"Jason Fried, David Heinemeier Hansson, Marion McGovern, John O’Brien, Andrew Cave, Dorie Clark",business-analysis,https://cdn0.fahasa.com/media/catalog/product/cache/1/image/9df78eab33525d08d6e5fb8d27136e95/i/m/image_195509_1_13372.jpg,556.000,305.800,Bộ Phát Triển Doanh Nghiệp Thời 4.0 (Bộ 4 Cuốn)
Melissa Perri,business-analysis,https://cdn0.fahasa.com/media/catalog/product/cache/1/image/9df78eab33525d08d6e5fb8d27136e95/_/1/_1_-_278_--qu_n-l_-s_n-ph_m-trong-th_i-_i-4.0.jpg,139.000,90.350,Quản Lý Sản Phẩm Trong Thời Đại 4.0
Deepak Malhotra,business-analysis,https://cdn0.fahasa.com/media/catalog/product/cache/1/image/9df78eab33525d08d6e5fb8d27136e95/i/m/img_20171030_0008.gif,33.000,23.100,Tôi Đã Lấy Miếng Pho Mát Của Anh - Tái Bản 2018
Nguyễn Đức Dũng,business-analysis,https://cdn0.fahasa.com/media/catalog/product/cache/1/image/9df78eab33525d08d6e5fb8d27136e95/i/m/image_195509_1_42817.jpg,250.000,200.000,Kinh Tế Tuần Hoàn 4.0
Thomas J Christensen,business-analysis,https://cdn0.fahasa.com/media/catalog/product/cache/1/image/9df78eab33525d08d6e5fb8d27136e95/i/m/image_188688.jpg,249.000,183.015,Mối Thách Thức Trung Quốc
Michael Mandelbaum,business-analysis,https://cdn0.fahasa.com/media/catalog/product/cache/1/image/9df78eab33525d08d6e5fb8d27136e95/8/9/8934974139188.jpg,103.000,91.670,Đường Tới Thịnh Vượng Toàn Cầu
Daniel Yergin,business-analysis,https://cdn0.fahasa.com/media/catalog/product/cache/1/image/9df78eab33525d08d6e5fb8d27136e95/i/m/image_178285.jpg,456.000,355.680,"Dầu Mỏ, Tiền Bạc Và Quyền Lực (Tái Bản 2018)"
Shaun Rein,business-analysis,https://cdn0.fahasa.com/media/catalog/product/cache/1/image/9df78eab33525d08d6e5fb8d27136e95/c/o/combo-8935235212084-8935235212664.jpg,0,0,Combo Chấm Dứt Thời Đại Trung Quốc Hàng Nhái + Chấm Dứt Thời Đại Trung Quốc Giá Rẻ (Bộ 2 Cuốn)
Nhiều Tác Giả,business-analysis,https://cdn0.fahasa.com/media/catalog/product/cache/1/image/9df78eab33525d08d6e5fb8d27136e95/i/m/image_195509_1_21756.jpg,88.000,70.400,Thời Đại Công Nghệ 4.0
Erik Orsenna,business-analysis,https://cdn0.fahasa.com/media/catalog/product/cache/1/image/9df78eab33525d08d6e5fb8d27136e95/i/m/image_195509_1_7955.jpg,108.000,89.640,Địa Chính Trị Của Loài Muỗi - Khái Lược Về Toàn Cầu Hóa
Bertrand Badré,business-analysis,https://cdn0.fahasa.com/media/catalog/product/cache/1/image/9df78eab33525d08d6e5fb8d27136e95/i/m/image_195509_1_12547.jpg,125.000,106.250,Tài Chính Có Cứu Vãn Được Thế Giới? Giành Lại Quyền Kiểm Soát Đồng Tiền Để Phục Vụ Lợi Ích Chung
Charles Arthur,business-analysis,https://cdn0.fahasa.com/media/catalog/product/cache/1/image/9df78eab33525d08d6e5fb8d27136e95/i/m/image_195509_1_5668.jpg,135.000,81.000,Cuộc Chiến Công Nghệ Số
"Thomas Friedman, Michael Mandelbaum",business-analysis,https://cdn0.fahasa.com/media/catalog/product/cache/1/image/9df78eab33525d08d6e5fb8d27136e95/i/m/image_195509_1_21182.jpg,155.000,131.750,Từng Là Bá Chủ
Alvin E.Roth,business-analysis,https://cdn0.fahasa.com/media/catalog/product/cache/1/image/9df78eab33525d08d6e5fb8d27136e95/8/9/8935235214286.png,117.000,93.600,Ai Được Gì Và Tại Sao
"Jeff Dyer, Hal Gregersen, Clayton M Christensen",business-analysis,https://cdn0.fahasa.com/media/catalog/product/cache/1/image/9df78eab33525d08d6e5fb8d27136e95/i/m/image_180164_1_43_1_57_1_4_1_2_1_210_1_29_1_98_1_25_1_21_1_5_1_3_1_18_1_18_1_45_1_26_1_32_1_14_1_1266.jpg,139.000,108.420,Mã Gen Của Nhà Cải Cách (Tái Bản 2018)
Rebecca A Fannin,business-analysis,https://cdn0.fahasa.com/media/catalog/product/cache/1/image/9df78eab33525d08d6e5fb8d27136e95/i/m/image_219806.jpg,199.000,159.200,Những Gã Khổng Lồ Công Nghệ Trung Quốc - Tech Titans Of China
Nhiều Tác Giả,business-analysis,https://cdn0.fahasa.com/media/catalog/product/cache/1/image/9df78eab33525d08d6e5fb8d27136e95/v/v/vvvvvv_1_2.jpg,0,0,Combo Phát Triển Doanh Nghiệp Thời 4.0 (Bộ 3 Cuốn)
Avi Jorisch,business-analysis,https://cdn0.fahasa.com/media/catalog/product/cache/1/image/9df78eab33525d08d6e5fb8d27136e95/i/m/image_195509_1_2756.jpg,99.000,69.300,Israel - Mảnh Đất Của Những Phát Minh Vì Con Người
Phan Văn Phương,business-analysis,https://cdn0.fahasa.com/media/catalog/product/cache/1/image/9df78eab33525d08d6e5fb8d27136e95/i/m/image_195509_1_38341.jpg,119.000,95.200,Đi Ra Thế Giới Với Người Khổng Lồ
Philip Kotler,business-analysis,https://cdn0.fahasa.com/media/catalog/product/cache/1/image/9df78eab33525d08d6e5fb8d27136e95/d/o/doimattuban_1.jpg,130.000,106.600,Đối Mặt Tư Bản
"Stephen J. Dubner, Steven D.Levitt",business-analysis,https://cdn0.fahasa.com/media/catalog/product/cache/1/image/9df78eab33525d08d6e5fb8d27136e95/i/m/image_174344.jpg,149.000,116.220,Siêu Kinh Tế Học Hài Hước (Tái Bản 2018)
Phạm Quốc Trường,business-analysis,https://cdn0.fahasa.com/media/catalog/product/cache/1/image/9df78eab33525d08d6e5fb8d27136e95/i/m/image_195140.jpg,80.000,64.000,Hình Thức Đối Tác Công Tư - Các Mô Hình Phát Triển Cho Việt Nam
Michael Lewis,business-analysis,https://cdn0.fahasa.com/media/catalog/product/cache/1/image/9df78eab33525d08d6e5fb8d27136e95/i/m/image_180164_1_43_1_57_1_4_1_2_1_210_1_29_1_98_1_25_1_21_1_5_1_3_1_18_1_18_1_45_1_26_1_32_1_14_1_2222.jpg,129.000,108.360,Bong Bóng Kinh Tế Và Làn Sóng Vỡ Nợ Quốc Gia (Tái Bản 2018)
Kishore Mahbubani,business-analysis,https://cdn0.fahasa.com/media/catalog/product/cache/1/image/9df78eab33525d08d6e5fb8d27136e95/n/g/ng_i-ch_u-_-c_-bi_t-t_-duy.jpg,169.000,124.215,Người Châu Á Có Biết Tư Duy?
NXB Tổng hợp TP.HCM,business-analysis,https://cdn0.fahasa.com/media/catalog/product/cache/1/image/9df78eab33525d08d6e5fb8d27136e95/u/n/untitled-2_61.jpg,186.000,130.200,The Four - Tứ Đại Quyền Lực
Charles Ponzi,business-analysis,https://cdn0.fahasa.com/media/catalog/product/cache/1/image/9df78eab33525d08d6e5fb8d27136e95/i/m/image_189293.jpg,130.000,104.000,Sự Trỗi Dậy Của Siêu Lừa Ponzi
Stewart Cowley,business-analysis,https://cdn0.fahasa.com/media/catalog/product/cache/1/image/9df78eab33525d08d6e5fb8d27136e95/i/m/image_216022.jpg,119.000,95.200,Tiền Quả Thật Phiền
Dan Schawbel,business-analysis,https://cdn0.fahasa.com/media/catalog/product/cache/1/image/9df78eab33525d08d6e5fb8d27136e95/d/o/doanh-nghiep-4.0---bia---outline.jpg,159.000,95.400,Doanh Nghiệp 4.0
Bob Kulhan,business-analysis,https://cdn0.fahasa.com/media/catalog/product/cache/1/image/9df78eab33525d08d6e5fb8d27136e95/1/_/1_16.png,169.000,92.950,Getting To “Yes And” - Nghệ Thuật Sáng Tạo Trong Kinh Doanh
Stewart Cowley,business-analysis,https://cdn0.fahasa.com/media/catalog/product/cache/1/image/9df78eab33525d08d6e5fb8d27136e95/i/m/image_215487.jpg,119.000,95.200,Big Data Không Xa
Nhiều Tác Giả,business-analysis,https://cdn0.fahasa.com/media/catalog/product/cache/1/image/9df78eab33525d08d6e5fb8d27136e95/c/o/combo8935251407723-8936066684996_1.jpg,0,0,"Combo Blockchain - Khởi Nguồn Cho Một Nền Kinh Tế Mới + Blockchain - Bản Chất Của Blockchain, Bitcoin, Tiền Điện Tử, Hợp Đồng Thông Minh Và Tương Lai Của Tiền Tệ (Bộ 2 Cuốn)"
Peter Phạm,business-analysis,https://cdn0.fahasa.com/media/catalog/product/cache/1/image/9df78eab33525d08d6e5fb8d27136e95/i/m/image_195509_1_7071.jpg,160.000,128.000,Giao Dịch Lớn 2.0 - Những Chiến Lược Đơn Giản Để Tối Da Lợi Nhuận Từ Thị Trường Việt Nam
"Mike Barlow, Cornelia Lévy Bencheton",business-analysis,https://cdn0.fahasa.com/media/catalog/product/cache/1/image/9df78eab33525d08d6e5fb8d27136e95/i/m/image_195509_1_37931.jpg,140.000,119.000,"Đô Thị Thông Minh, Tương Lai Xán Lạn: Bản Trình Diễn Về Tương Lai"
"John O’Brien, Andrew Cave ",business-analysis,https://cdn0.fahasa.com/media/catalog/product/cache/1/image/9df78eab33525d08d6e5fb8d27136e95/t/h/thaydoicuocchoitrongkinhdoanh_bia1.jpg,129.000,77.400,Thay Đổi Cuộc Chơi Trong Kinh Doanh
"Robert S Kaplan, David P Norton",business-analysis,https://cdn0.fahasa.com/media/catalog/product/cache/1/image/9df78eab33525d08d6e5fb8d27136e95/8/9/8935280400085.jpg,175.000,136.500,Thẻ Điểm Cân Bằng - The Balanced Scorecard
Nguyễn Ngọc Quang ,business-analysis,https://cdn0.fahasa.com/media/catalog/product/cache/1/image/9df78eab33525d08d6e5fb8d27136e95/i/m/image_222850.jpg,128.000,102.400,Phân Tích Báo Cáo Tài Chính (Tái Bản Lần 2)
Graham Allison,business-analysis,https://cdn0.fahasa.com/media/catalog/product/cache/1/image/9df78eab33525d08d6e5fb8d27136e95/i/m/image_195509_1_7564.jpg,246.000,191.880,Định Mệnh Chiến Tranh
"Susanne Chrishti, Janos Barberis",business-analysis,https://cdn0.fahasa.com/media/catalog/product/cache/1/image/9df78eab33525d08d6e5fb8d27136e95/i/m/image_195509_1_16510.jpg,0.00,398.000,The Fintech Book - Công Nghệ Tài Chính Dành Cho Người Nhìn Xa Trông Rộng
Michael Goodwin,business-analysis,https://cdn0.fahasa.com/media/catalog/product/cache/1/image/9df78eab33525d08d6e5fb8d27136e95/e/c/economix-01.jpg,152.000,117.800,Economix - Các Nền Kinh Tế Vận Hành (Và Không Vận Hành) Thế Nào Và Tại Sao?
"Alex Moazed, Nicholas L Johnson",business-analysis,https://cdn0.fahasa.com/media/catalog/product/cache/1/image/9df78eab33525d08d6e5fb8d27136e95/i/m/image_195509_1_5671.jpg,129.000,77.400,Những Đế Chế Độc Quyền Thời Hiện Đại
Nassim Nicholas Taleb,business-analysis,https://cdn0.fahasa.com/media/catalog/product/cache/1/image/9df78eab33525d08d6e5fb8d27136e95/i/m/image_195509_1_27686.jpg,299.000,233.220,Thiên Nga Đen (Tái Bản 2020)
Martin Lindstrom,business-analysis,https://cdn0.fahasa.com/media/catalog/product/cache/1/image/9df78eab33525d08d6e5fb8d27136e95/8/9/8935251403145.jpg,149.000,111.750,Dữ Liệu Nhỏ
John  A Goodman,business-analysis,https://cdn0.fahasa.com/media/catalog/product/cache/1/image/9df78eab33525d08d6e5fb8d27136e95/t/r/tr_i-nghi_m-kh_ch-h_ng-trong-th_i-_i-s_---b_a-1.jpg,169.000,131.820,Trải Nghiệm Khách Hàng Trong Thời Đại Số
Song Hong Bing,business-analysis,https://cdn0.fahasa.com/media/catalog/product/cache/1/image/9df78eab33525d08d6e5fb8d27136e95/b/_/b_a-truoc-chi_n-tranh-ti_n-t_-tai-ban.jpg,138.000,96.600,Chiến Tranh Tiền Tệ - Ai Thực Sự Là Người Giàu Nhất Thế Giới?
Hamada Kazuyuki,business-analysis,https://cdn0.fahasa.com/media/catalog/product/cache/1/image/9df78eab33525d08d6e5fb8d27136e95/i/m/image_195509_1_46492.jpg,109.000,87.200,Cường Quốc Trong Tương Lai - Vẽ Lại Bản Đồ Thế Giới Năm 2030
Song Hong Binh,business-analysis,https://cdn0.fahasa.com/media/catalog/product/cache/1/image/9df78eab33525d08d6e5fb8d27136e95/i/m/image_200687.jpg,175.000,122.500,Chiến Tranh Tiền Tệ - Biên Giới Tiền Tệ - Nhân Tố Bí Ẩn Trong Các Cuộc Chiến Kinh Tế (Phần III)
Hoàng Tùng,business-analysis,https://cdn0.fahasa.com/media/catalog/product/cache/1/image/9df78eab33525d08d6e5fb8d27136e95/i/m/image_221466.jpg,98.000,78.400,Quant Trading - Đầu Tư Chứng Khoán Dưới Góc Nhìn Khoa Học
Kai Fu Lee,business-analysis,https://cdn0.fahasa.com/media/catalog/product/cache/1/image/9df78eab33525d08d6e5fb8d27136e95/i/m/image_206342.jpg,140.000,119.000,"Các Siêu Cường AI: Trung Quốc, Thung Lũng Silicon, Và Trật Tự Thế Giới Mới"
Kevin Kelly,business-analysis,https://cdn0.fahasa.com/media/catalog/product/cache/1/image/9df78eab33525d08d6e5fb8d27136e95/i/n/inevitable_bia1.jpg,159.000,103.350,The Inevitable - Làm Chủ Công Nghệ Làm Chủ Tương Lai
NGregory Mankiw,business-analysis,https://cdn0.fahasa.com/media/catalog/product/cache/1/image/9df78eab33525d08d6e5fb8d27136e95/9/7/9786043026542_1.jpg,268.000,254.600,Kinh Tế Học Vi Mô (2020)
Scott Galloway,business-analysis,https://cdn0.fahasa.com/media/catalog/product/cache/1/image/9df78eab33525d08d6e5fb8d27136e95/i/m/image_222801.jpg,280.000,224.000,Thời Kỳ Hậu Corona: Luôn Có Cơ Hội Trong Khủng Hoảng
